JGI_id,YALI0_id,glucose_1,glucose_2,glucose_3,glycerol_1,glycerol_2,glycerol_3,oleic_acid_1,oleic_acid_2,oleic_acid_3,sequence,promoter,embedding
jgi.p|Yarli1|64471,YALI0A00110g,4.88,2.64,3.23,1.21,1.11,3.61,6.77,13.32,7.67,ATGAGCAAACACACTGAGGTTTTCTCTTCGGAGAAAGTCTCCTCTATGGATAAAGACGACCTGGTTGACACCCAGGTTGCTGAGGTGACCACTTCGCTCCTCGACTTTGTCGCTCTTCAGCTGGAGATTCCTCCCTCTGAGAACGACGGCACGTATCCTCTTGAAGTCCACTTCATGGCTGAGAAGCTGGAGGAGACTACTCTAGAGGAGGCTATCAAGATTGTCAAGACCAACTTTGCCTACCACGACCACGACAACAACTTCAGAGACGAATACAGAATCGAGGTTAGAGAGCTCCTTAAAGTCTTTGACGGCAAAGACGACTACGAAAAGGCTGATCCTGATGATGTTCTCATGATGAGGTACTGGGGAACCGTCTTCAACTGGTGGAGTCCTTACCCCGAGGTTCGAGCTGTTACTGATCCCTACAATGATGAAGATTGTACCACTGAGACCTGGAGAGTGTGGGTTTTGGGTACCGTATGGGTGGCAATTGCGGCCTTTGTCAACCAGTTTTTCAGTGTGCGTATGCCTGCCATCTCTTTGGGGGCTGGTGTCATCCAACTGCTGCTGTATCCTTGTGGTAAGGCTCTCCAGTATGCTCTTCCTGACTGGGGCTTCCACTTCCGAGGGAAGAGATACTCACTCAACCCAGGCAAATGGAGTCAGAAGGAACAGCTCCTCACCACCATCATGGTTTCTTGTGCCTCTGGAACTCCCTATATTACTTCAAACATCATTGTTCAGTACCTCCCTCAATTCTACAACCAAACCTGGGCCTCAAGCTTTGGATACCAGTTTGTTTTTATGCTGGTGACCCAAATGCTAGGTTTTGGTCTGGCTGGTATTCTCAAGCGTGTGGCCGTCTACCCTGTCAAGGCAATGTGGCCCTCTCTACTCCCCACCCTGGCGGTCAACAAGGCTCTTCTGGCTCCCAACCGAAAGGAAAACATCAACGGCTGGCTCATTTCCCGTTACACCTTTTTCATGATTGTCTTTATCGGCTCTTTCGTCTACTTCTGGATCCCCAACTACCTCATGAACTTCTTGCAGACATTTAACTGGATGACCTGGATTGCTCCTGAGAACGCCGACCTGGCCATTGTCACAGGCTCCGTCGGAGGACTTGGATTTAACCCCATTCCCACCTTTGACTGGAACCAGGCCACGGCTTCTCTTGCTCCCATCACTCTGCCTCTCTATGTGTCTTCTATTGGTTTCGCTGGCACCTTCTTCTCCGGTCTCGTCATCCTCGCTCTCTACTACACCAACAACTCGTGGACGGGATACATCCCCATTAACTCCAACCGACTGTTTGACAACATGGGCAAGAAGTACAACGTATCCAAGATTCTCACCAATTACCGATTCGACGACAAGAAGTACCATGACTACTCCACGCCCTACTACTCCGCTGGTAACCTCATGTTGTACTCGGCCTTCTTTGCCGTCTACCCCCTGTCGTTTGTCTACACTTGTCTAATGGACTGGAGAGCCATGTGGGATGCCCTCAAGGACACGGGAAAGGCTCTCAGATACGTGCATCGATCCTCCTACCACGGAAGAGAGGACCCCTTCTCTCGATACATGAAGAACTACCCCGAGGTCCCCGACTGGTGGTTCTACGTGGTTATGGTGATTATGTTTGCACTATCTATTGTTCTCGTCAAAGCTTGGCCCGTTGACACTCCTGTGTGGACTCTGGTGTTTGTGCTTGGACTTGTGTTCGTTTTCATTATCCCCTTCACCGTCTTTGCTGCCTACACTGCCTCCTCCTTGTCACTGAATGTGATTTCCGAGCTCATTATTGGATACGCGCTTCCTGGACGATTCATGGCTCTCAACCTGATCAAGGCTCTTTCAGTCACCATTGCCTCTCAGGCCCAGAACTATACCACCGACCAGAAGCTGACCCATTATGCCCATCTGCCTCCCCGATCTATCTTCTGGCTCCAGCTGTGGGCTACTCTGGTCAACGGTCTGGTCTGCCTTGGTGTTATCCAGTTCCAGCTCAACCTAGACGGTATCTGTGATGCTGATAACAAGCAGAAGTTCACCTGCCCCGGAGAAACCACTTTCTTCACTGCCTCCGTCGCCTGGGGAGTCATCGGCCCCAAGAAGATGTTCGACAAGTACCCCGTGATGAAGTGGATGTTCCTGTTTGGAGCGCTGGCCGGCGTCTTTTTTTGGTTTGTCCAGGTCATCCTTCCCCAGATCCTTGTCAAGTACTTCCCTAACAAGGCCCAAACCATTGACTACTACCGACGAAAGATTCTGTACTTCAACCCCATCATCTTTGTGGTCGGCTGTCTTGGCTGGGCTCCTTACAACCTCACCTACCAGGTCGGAGGCATGTACCTTGCTGTGCTTTTCAATGGCTACATCAAGAGTCGATACCTGGCCTGGTGGAGAAAGTATGCCTACGTCATGGAGGCAGCTATTGTCACCGGTATTGCGCTGGCCGGCATCATCATCTTCTTTGCAGTCCAGTACCATCCCAAGGACATTGATTGGTGGGGCAACACCGTCATATACGATGGCGTTGACGGCAGTGGTATCCCTCCCAGACTTGAGATCCCCGAGAAGGGATTTTTTGGCCCTCCTAGCTCCGAATGGTAGCTTCTAACTTATGTACGATAATATTATGAGATTTTGATTGACTCA,AGAGTGATGCGTTACTCCATCGTCATTTAAAGTCCAAAACGCAAGGGTGCAGCACACCAAGAGAGTTGTCACTGGGTGTCAGACAAGAGCTGGGTGCTTGGCAAACTCTTGGTGCCGTGTCATAGACCCGACTTGTGTAAGATGTGGCTTCAGTAACGAGCCAGAATGTGGTCTTAGCGCCGTGTGATCGTAGCAAGGGTGACAAAATGATACTGACAGTGATGGTATAGATAGTGTGTAGCTGAGTGATTATTCCCTGGGTGCCATCGATGGCCTCTGTCTCTATCCCACAGGACCAGCTCCTAAAAGACACCCGTACTTTACCAATACTTACCAATAATACTCTTCTATACATCATGAGAACCCCGCTGTGATAAGGCTGCACGGCGTTTTCGATAGTCGGAGTCTATATGGCTCTATCTCGTATTTCTGCTAGAGCTCGGGCTATATAAGTCATGGATTGCTCTCCACATTTCTTGACATCAATCAACATACACACA,"[-0.05273438 -0.05761719 -0.24511719 ... -0.15527344 -0.09423828
  0.15039062]"
jgi.p|Yarli1|64472,YALI0A00132g,1896.43,1845.77,1682.56,1234.99,1189.24,1120.35,864.64,1056.63,928.51,ATGAGTGAAGGAACTTTTGCTGGAGCTGTCGGTATCGATCTTGGAACCACCTACTCGTGTGTTGCCACCTACGACTCTGCTGTCGAGATCATTGCCAACGAGCAGGGAAACCGAGTTACCCCCTCTTTCGTTGCCTTCACTGAGGAGGAGCGACTGATCGGAGATGCCGCCAAGAACCAGGCCGCCCTCAACCCCGTCAACACTGTCTTTGACGCCAAGCGACTCATTGGTCGACGATTCGACGACGAGTCTGTCCAGAAGGATATCCAGACCTGGCCCTTCAAGGTTGTCGACAACGCCGGTGCCCCCCTCATCGAGGTCGACTACCTTGGCGAGAAGAAGACCTTCTCTCCCCAGGAGATCTCCTCTATGGTTCTCACCAAGATGAAGGAGATTGCTGAGGCCAAGCTCGGCCAGGCTGTTGACAAGGCTGTTGTCACCGTCCCCGCTTACTTCAACGACGCCCAGCGACAGGCCACCAAGGATGCTGGTGCCATTGCTGGTCTCAACGTTCTGCGAATCATCAACGAGCCTACCGCTGCTGCCATTGCCTACGGTCTCGGTGCCGGTAAGCAGGAGGCTGAGCGACACGTTCTCATCTTCGATCTTGGAGGAGGAACTTTCGATGTCTCTCTGCTTTCCATCCAGGGCGGTGTTTTCACCGTCAAGGCCACCGCTGGTGACACCCATCTTGGTGGACAGGATTTCGACACCAACCTCCTTGAGCACTTCAAGGCTGAGTTCAAGCGAAAGACCGGCCACGACATCTCTGCTGACCCCCGAGCTCTGCGACGACTGCGATCCGCCTGCGAGCGAGCCAAGCGAACTCTGTCTTCCGTCACCCAGACCACCGTTGAGGTCGACTCTCTCTTCGAGGGTGAGGACTTCTCCGCCAACATCACCCGAGCTCGATTCGAGGACATCAACGCTGCCCTCTTCAAGTCTACCCTCGAGCCCGTCGAGAAGGTCCTCAAGGACTCCAAGATCGACAAGTCCAAGGTCAACGAGGTTGTCCTTGTCGGAGGTTCTACCCGAATCCCCAAGGTCCAGAAGATGCTCTCCGACTTCTTCGACGGTAAGGCCCTCGAGAAGTCCATCAACCCCGATGAGGCTGTTGCCTACGGTGCCGCTGTCCAGGGTGCTATCCTGACCGGCCAGGCCGTCGGTGAGGACACCGAGGATCTGCTGCTGCTCGATGTTGTTCCCCTTTCTCTTGGTGTCGCCATGGAGGGTAACATCTTCGCCCCCGTCGTTCCCCGAAACACCACCGTCCCTACCCTCAAGCGACGAACCTTCACCACCGTCGGTGACCACCAGACCACCGTCCAGTTCCCCGTTTACCAGGGAGAGCGAGTCAACTGCTCCGAGAACACCCTGCTCGGTGAGTTCGACCTCAAGAACATCCCCCCCATGAAGGCCGGCGAGCCCGTTCTGGAGGCCATCTTCGAGGTTGACGCCAACGGTATCCTCAAGGTCACCGCCGTTGAGAAGTCCACCGGCCGATCCGCCAACATCACCATCTCCAACTCCGTCGGAAAGCTGTCTTCCGAGGACATTGAGAAGATGATCTCCGACGCCGAGAAGTTCAAGTCTCAGGATGAGGCCTTCTCCAAGCGACACGAGAACAAGCAGAAGCTCGAGTCTTACATCTCCACCATCGAGGCCTCCATCACCGACCTTGACTCCAAGTTCAAGCGAGGTGCTAAGGACAAGATCGAGACTGCTCTCTCCGATGCCATGTCCGCCCTTGAGATTGATGACGCCTCTGCCGACGACTACCGAAAGGCCGAGCTCGCCCTTAAGCGAGTTGTCACCAAGGCCATGGCTACCCGATAAGTTAAGTCTGTGTAGACACCCAAAATATCCTTGTATGATGAAACCAATGAAAAGCGTA,TTTCAAACACTACGAGTGAATTCCAGCGTTCCAAATCCGTGTATAAGATGCCTCTACAGGCCTATACCTCTCTTATCCACCCTCAACTTCGGTGCAGAAGGATGAATTGAGACGGGATAAAAAAAAACAGTTTAAAGTTTGTCGAGAAACTCAATCCTGGGTCTGCAGGCATAACGTTGAAGAGCGGCATCATGTGACCTGTGTGGGTGAGGAGCACAGATGAGGGTGTCCAGAAAGTGACGATGGAGGTGGATTTTGCGATTGCAAATTTTTACCCAAGGAATTGACACCTAGCTACTGAATAGTCTCTACTCATATTCCCCAAATTATGACCCGAAGATGGGTTACTTGGGGTCCCCCGTCTCTCCACGTGCATGGTTACCCGGCCCAACATGTCACCCGATTGGGATGAAAATTTTTTCACTGCAAGAGCTCATATTTAGTTTCGCTCTTCCCTCTTTTCACTACCACCTTACCTTGAAACCCTCAAGTATAACAAA,"[ 0.16308594 -0.18652344 -0.2421875  ... -0.33789062  0.17773438
  0.32421875]"
jgi.p|Yarli1|64473,YALI0A00154g,31.34,29.21,21.92,215.23,137.85,182.81,1867.59,2153.21,1958.68,ATGAAGCTCTCCAATATCTTTGCCCTCGCAACAGTGGCTCTGGCTGCTCCCCAGCCTCTGATTACTCCTCCTCCTACTGCTGTCGAGAAGCGAGACGACCAGGCTGTTCTCGGAGCCGACGTCTGGATCCAGACCATGCCCAACGGCCATGAGAAGCGAGTGACCCCCACCATCATTGACGGAGTCACCATTTCCGGCAAGCCCCTCTCCGATCACAACGGTACCCCCACCCCATGGAACTCTCTGGACAACACCGGTATCCCTTACCGAATCACTCCCTCCATCAAGAAGGAGAAGGACCAGCCCGCCGAGACCATCTCTGCCTCTCCTTCCCCCCCTGCCAACTACCCTCAGTCTACGGACACTCCTCCCGTTCTTGGATGCTGGGGAGACCGTCTTCCCGAGGACAACGAGAAGCTCCCCGGCTACCCCTTCTGCTCTCCTCATAACGGTACCGAACTCGTTGCCGGTGAGACCTACTGGGTCACCTGGGACCCCTCTTACTGGGGAGGTGATGACATTGCTCAGGTCAAGCTGATTCTGCGATCTTTGCCTACCGGCACTGACGATCTTATGTTCGAGACTGAGCCCTTCGCCAACCGAAAGGGTTACTACCCCCTGGAGATTCAGCGATCGTGGACCAACAACGGCGGCTACTTCTTCATCAACATTGCTCCCCTCACTCGACCTGATACCAAGGCCAAGAACGTCGGCACCAAGTCTGGACCTATTGTTCGGGCTATCATGAGCAAGAACGACGGCATCACCACCGTCTCCCGACTTCCTTCTGAGAACTCTCTGCAGCCTGGCAAGAAGCACAGCGGTGGAGGAATCGGCAAGGGCGGAATTGCTGCCGCTGTTGTTGTTCCTGTTGTTGTTGTCATCCTCCTGTCCGGCCTCGGCTTCCTCTACTACCGACAGAAGAAGACCAAGCAGCAGCAAATGTCTCAGGACCGATCTTGGAACCCTGCCGAGAACGTGCGAAACATGGACTCCATGCCTCCTCGACGATCGGACGTGTCTCTGGACCGAACCATCTCCATCGACACCCAGCACTCCATGAAGGGCGACAACCCTTTTGAGGACCACCACTAAGTGTTGGCATGTGCGACTGTATGACTACACCATTTGAGATTCACTCACATTTTTAAAATATAAAACGGCGATGCCTTAGTAATGATATTTATGACCTAACA,GTTAAGAAGAGCACAGGAATACACTCTGAAGAGTTTCGAAGCGAATTTTTCAATGGCGGCCCCTCCTGCCTCTTTCACAACTCTTGGCGCTCTTTTAGCAGATTTCAAATTAGCTCTGAGCGTGCATTTTGGCTCAAGCAATCTCATGTTGTCCCATTTATCAGATTGATCAGAAGATGGGTGAAACTGCGAGTTGGAAACTACAACAAGCGTCCAGACGAGCAATGAGCCAATCAAAACCCGATCACAGCAAGATCGAACACGAGCACAGACCGCTAACCCCATTGAATCCCCGTCTCGGAACTCCGTTAGCCGCCTTTGCCGTGGTGTGAACAAGGGCAGAACCTAGTCCTGTTGTACATTTAGTCCCCAACACGCCAAGAAGAAGGCTAAAATTATCTGATTTTTTTTATTATCAATTTGATCACCCCCAGAAGACGGGTTATATATACCGCTCGTAGACCCGATAAAAAAATAGCCTCCCATCTTCTCAGCACACA,"[-0.03515625 -0.12109375 -0.16308594 ... -0.08154297  0.00242615
  0.26757812]"
jgi.p|Yarli1|64474,YALI0A00176g,3.67,3.85,3.15,3.07,1.74,2.09,4.13,2.43,4.34,ATGAAACTACCCATCATTGCCCTCGCTCTTCTTCTCTCCTCGGTGGTGGCCGAAGTCACCGAGGACCAGGCGGTCCTGGACACCCTCACGGCCCCCAGCATTTCCACCAGCAACCCCGCAGCAAACGCTCTTCTGGATCTTCTCCAAGAGCAGGCCGGTGTTCTGAGCACCAAAAACAATGGTGCTGGCAACATCTCCATCGATCGCACCATGATCATCGGCTACGCCAGCAACGACCCTAACTCCCAGAGCCGATTGCCTGGTTTCCTCAGACGACAGCAAATGTACGGCCAGCACCAGTGGGAATCCACCTGTGGACCTGAAGACTGGAGAGATATCATTTCTCTCGACAACCCCCAGTCGGTCAAGGAAGCCTACGACTGGTACTTTTATGAAATTGGAAAACACGAGCCTCAGTACACTGATCTCATGTACGAACAGACCGTCTATGACGTGTACATGATGTGGGCTGCCCAGAATGGTGCCGACGAGGCTGAGCAAACAGGCTCAGAGCTGATTCTCAATTGGCCTCCTACAGGCACTTGTGGAGAGGGCTCCTCTGCTGAATCTGATTCTTCCTCCGTTGAACCCTCTGGCGCTTCTGATATGCCTGTCACTACCGATTACACCAACACTCATATTCCTCTCGAGACTGAGGTCCCTTCTATTGAGCCTTCGGTTGAGCCTTCTGCCGAGCCTACTTCTGAGCCTGTCTACGGAAGTCCTTCAGTTCAGCCTTCCGTGGAGCCTTCTGCAGAGCCTACTTCTGAGCCTGTCTACGGAAGTCCTTCAGTTCAGCCTTCCGTGGAGCCTTCTGCAGAGCCTACTTCTGAGCCTGTCTACGGAAGTCCTTCAGTTCAGCCTTCCGTGGAGCCTTCTGCAGAGCCTACTTCTGAGTCTGTCTACGGAAGTCCTTCAGTTCAGCCTTCTGTTGAACCTACTGACGCCCCTGTTTCCAATGAGACCCCTGCTTCCACTGATGCTGCTTCTGTCGAGCCTACTTACATTCCATCCGTTGAGCCCACCCCTACCCCCACTGATACCGAGATCGATATCCCTCCCGCTACTGACAGCTCAGCTGCCCCCTCAGACCACCCCTCCACAGCCGAGCCTGATTTCACTGCCGCTCCTACCGCTACTTCCGCTCCTGTTGAGCTCGGAACCACTCTTTCTGATGTCCAGACCACCCTAGACTCACTGCTGACCAACATGCCCGACTCTGCTGAACTCAAGCAGCTTGTCAGTGATGCCTCTGCTACCCTGGCTAGCATTGAGAGCCAACTTTCTGGCACCCTGGCTAAGCGAGACGAAAAGGCCGATCTGGCGGTTAACGTAGCTACCCTTCTGGAACAGCTCAAGGCAATTGCTGCTCTTGTTGAGACCGTGGAGGACAAGTCCGCCGAGCTGCAGGCTGATCTGGACAATCTCAATGCTCAGATTGCTGAGCTGGAAGCTTGGCTGGATGAGAATGCCCCCGAGGTCACCTCTACTGAGACTGAGGCTCCTGTTGAGACTGCTTCGGAGACGGCTTCTGAGACTGACGCTCCTGCTTCTGAGACTGACGCTCCTGCTGAGACTGTTTCTGAGACTGACGCTCCTGCTGAGACTGTTTCTGAGACTGGCACTCCCGTTGAGACTGCTTCTGAGACTGACTCTCCTTCCGTCACTGAAGCTCCTTCCGTCACTGAAGCTCCTTCCGTCACTGAAGCTCCTTCCGTTACCGACGCTCCTGTCACTGACTGTGAGACCGACCTCGTGTCTTCCATCCCTGCTAACATCTCTGCCCCCCTTGTGACTGAGATTGAGACCCTGTCCACCACTCTGACCACCACCCAAACTGTCACATACTGCGAGGAGGAGAACGTTTGCACCAATACTGTTGTCACTCTGACAACCTGTGTGCCCATTACCCACACCGTCACCGTTTGTGACACTGTCATTGATGGCAAGACCGTCACCGTGACTGTTCCATGCGAAATCGAGACCGAGTACGTCACTGCCGAAACCACCGTTGTTGGCACCACCGAGATTGTTTCTCAGCCCGTTGAGACCATCCCCGTCTCTCAGCCCGTTGAGACTGCTCCTCCCGTTGTCGTCGAGTCCACTCCCTTCAACAACATCTCTTGGACCATCCAGTCCACTACCGCCCCCGCCACAGCCCCAGTCCCTGTTGAGACCTCCCCCGTCACCGTCGAGACTCTTCTGACCACCCAGACCATTGTTGAGGAAGATTATACCACCACCATCACCGGAACCGTCGTTGTGACCCGAATCATCGTCACTCCTACATCTACTCCTGCTGTCGCTACGCCGCTTGAGCCCGTTCCTACTCCTGTTGACTCCACTCCCGTTGTGCCTGTTCCTACAGCCGCCAACATCACTGAGATTCTCCCTGTTCCTTCGAACCCGGTCCAGGGTAACTTCACGACATTTGTGCCTATTCCTACCCAGGCCAATATCACTCAGTTTGTGCCCGTGCCTTCCGACGTCACCCAGGCTAACTCTGGTAAGAAGCTCACCGTCGGAGCTCTCATTCTCCTTCCTCTACTCATGTTGTAATGTGCTGGATCACAGATGTACTAACAGACTTAATCTCCAATATAACTCTCAATGCCAGTTATTTATAGGTAAAGCAGAGCACGTAAACCTGTTGGATGA,TATCGCTCCGGGTTCCTGCTTTGTTCATGCCCCCCTGGACGCATGTGCACTGGCACTGGGGGGCTGCAATTGATAATGAGGAAAATGAGGTCAAGTGGTGTCACTCCCATCGGTTCGGTGTGAATAGCTCCGCTGGTTCAGTGTGAATAGCTCCGTTGGTTCGGTGTGAATAGGTCTGTCGGCTCTATCAAACTTGAACTGCCAGTTGAAACTTTTGTTAATGTTTAATTGGCATGTTTGGTTGACCGCTGTGATACGGAACACTGCCATTAATTACGTCATTCGGCCGCTCCACACACCACCACTCCGCCACTCGGTACTCACACTCCTGTAGGTGGCTTCCCGTTTCACAATATTATTAATGTACTAACACAAACAAAACACGAAGCTCCCCCCCCCCCCCCCGCATACATCTATATAACCCCCTAATGTCCTTCATAAAACCCACAGTCACTCGTTCAGTCATTCATTCACTCTTTTTTCAATCCCACCAGCTTGCA,"[ 0.04711914 -0.02758789  0.01043701 ...  0.13769531  0.0402832
  0.04541016]"
jgi.p|Yarli1|64475,YALI0A00198g,0.0,0.17,0.0,0.0,0.5,1.29,1.55,0.81,1.75,ATCATATAACCAATAAATTAACGCAATCTATGTTTTGGGACTTGAAGCAGTGTGTGGAATATGATATCCATCATGACTTACAGCCACTTGTTGCTGTTTATAGGTATTGGAAGAAGTAGTAGACACCCCAGGCTGCCCAGTTTCTCTCCCTGATTACCGCGTATACCCCGCTCGAATGGTCGTCATTCCACTCCTGCAGCGGTGCGAAATCCTCGCTCTCCTCCAGCATCTGCTTGTACTTGGTTTGGTTCTCCAGTCGGGCATCCACTACAAACGCCATCATGTAAGAGACGTACAGAACCGCTGCAAAAAGAACAAGATAGAACCAAGCTGTTTTGAAAAGCGCCACGAGACCAGAAGAGATGAGGGTCGATAAAATGGTTAGCTGTTTGCTCTTTTCGATCGTCTCATAGTACTGGGACTCAGGCAGCCAATTGGAAGCAAAAAACGCCTCGGACCACTTGATTTCGTTGACGAGAAACGAGTTGAGAAGTAGAACCAGCACAAAAGCCGCAGGATGTACCGACAGTAGCCAACACTGACAGACACCCAGTAGTAATGTAGACGCCAGAAGAATGGCTGCTGTAAATATGTAAGGAGAGACCTGAAAGAGATGCAATTGGGCAGCGGAAATCTTGGGGGGTGTCCACAGAGGCAGGATTCCGGCTGCCAGACATGCCACCAGCTCCATCACCCTTCTTCCCTGCTCTCCAGGACTCAGATTCTGGTTTTGAAGACGGTAAATTGTCACTGTGAGTCCAGATAGCATCACTCCATGTCGTAGAATCATGCTGAACCAGTTGGCCATTAGGGCGGGTAGAAGGGTGTGAGTCAATTGCTGTTGCGTGTCCTCTTCGTTATTTAACAT,GAGATAATGCCATGGAGTGCATAATCGCAACTCTGTTGGGAAGTTATTAATGGTGGAGTAAATTGTAAATGGCCGCAAATTATTCTAATGATTTATGTATATTTATTTGTTGATAATATCTGATGTCCGTTGTTTTCCTTTTTTCCCGATTTTATAGTATATATTATTATTATTATTCTGATTTCGGATATAATGGGCAACAGAAATAGGTGTCTCTGGAAAAGGCTTAGAGATGTCACATTGAGAATAAGAGCACTTTCCAATGTTTATGAGGCTATTATAACATCCAACTTGATGTTGGTGATATTAGAAGGTGTTCTAGAGAGTGTCATTCGCTAAGTGCTGTAGTAACATAGTCAGCACAAATAATTGAGTTTGTTAGTAAGGCACACTGGTCACATTGACATTTTTACATATGGAATTATATGGAAGAAATGTTCTTTTAGAGGGTGTCTGGCACGCACTTCCATGGCACATAAAACATCTTCGACTACTTTGCT,"[ 0.05957031 -0.0055542  -0.02270508 ... -0.0071106   0.08056641
  0.05517578]"
jgi.p|Yarli1|64476,YALI0A00212g,9.15,9.49,9.73,6.31,6.53,6.85,11.27,14.18,13.1,ATGAAACTGCCCACGGAGATTGTCGCCCAGATATGCGCGTCGCTCGACCTTGAGTCCCTGCTCCAGCTCAGTTACACAAACGCCAGACTGCGGGCAGTGGCCTCAAATCTATTCCAACAAAAGATCCAAGCGAGCTGGCCCTGGATCACGGACTGCTCCGACTGGTACCAAGAAGGTATCAAAATCGTGCTGGCGAGAAGACGAATGCGTGAGAAGAGCCCCATGAGCGAAGAACTGCCTGTGGTGCAGGTTGCCAGACACCTGATCCATGTGAACGAGCCTGTGCCTGAGGAAGCGATTCTGTTGGGTCCGGAAACCAAGTACATGGACGACGACCACGATCTGTATTTCCGCACCGCTTCTCTGACCCGAATCAACCCCCGCAACATGGCCAATCCGCTGTCGTACCACGATCCTCTGTGCATGGATGTGGACGACTTTCTGCAGCTGACAGGCACCAAGAACGCACACGGAAAGACGATAGTGACACACACATTTATGGGGAGATATTGGATATTTGCATACGACGAGGGAGGAGGGGTGCTCGAGGCCCCAAAGCTCGCTGCTATTGATAACTGGATATACTGCTACTTTCAGACCCGCGAAGACGGTTACACGGTTATCAAGCACCATTGCATCACTGATGGCGTCAAAGATGTCCCTGACTATCTTGTATCGCTTGCAAAATCGGAATACGGGTCCACTTACGACCTTGACTTTTTCTTTTCGCGCGAAAACGTCTTTGTGATCGATAAACTGGTTTTCGGAAATGAGGACGACTTCAAGCCTGTCTACTTTCGGCTTTTGAATATGGAAACAGGCGCCACGGTACCCCTTTGTTTTGTGGACAAGTCGGATACCCATGTGGTGGAGTATGAGGCGTTTGTGGACTACATGCGGTACTTGTGGCTGGATGGGCCGTTCTTTTACATCTACTCGGGTGCCGACGAGATGATTATTGTGGTGGATGTGAAAGAGGGGTGGGTCAAGTATTTGGTGCTGACAACAGAGATATCCCATGAGTCGCACTTGAGTAGGTTGACTCATGGCTTGTTGTGGCTGTACGACAATCTTGTGGTCGATGTCAAGAGGCACACGGTTCATTATTTGCCCGATAACAGCAGGTGCAACACTGCAGGGTTGTATAATGGGCAAGTTCATTGGTGGAGGTTTCCGAAAGCCGACAAGTTGGTGAAGAAGCAGGAATTGGAGATTGGAGAGGGGGTGTCTGTGTTATAGCTAGTGCTGACGGCGTGAGCGAGACCAGCTGAGGACACTATTTGGCTACTGACACAGACCGACATCTTGACTAACATAAGGCTACTAACAATCTCTCTGCAGGACAATTTGGGTGGTGAGTGAGATACTGGTTCACTACAGAACACAATTGGGGAGGGTGGAGGACTGGAGGACAGACTGACGAAGGTAGATGCGGAGCCTGAGAGCTTGTATCTGAGTGTACTAACGATTGTTTATTTATTTATTCTTGATAATCACTTTTTTGACCCCTACTATTCAGGTCCTCTAATACATGGACATGACTACCCCTTGA,GAGTAATTAAAGTAGTTCTTTCTACGTACTGTACTGAATAGATATTCTTGTTTTCAACGATATTGTCGTTCGCTTTGGTAGGGAAAATTTGTTGACTGTTAGCAGCTACTTTGTCATTGTGCATCGATTCTGAAAAAAAGGTCTTTAGGCAGTTTTGATTTTGGGGTTCGCTGGATACAATACTTATTCAAGTATGTCCTTTCCCCCAATTTTATTCTTTTTTTTTGTGTGTTTTTTTTTTTCCTCTTTTTTCTCTTTTTTCTGTAAGACTATGTTTTAGATTTTCCTTTTTGTTCCTTTTTTTATTTTTTTATTTTTTAATTATTTTATTTCTCCAATTATGGGTTCGAATCCCGACTGACTCAGTGCTCCTCCTCCTCTCCTCTTCCATCTATTTAAGGTTCACACTAAACATACACCAAGGCCATTATATATAATGGTTACCAATCAGTATATATTACGTCACTGCCGCCAGATTTTGCCCCCGCTCCCGTCGACCC,"[ 0.25       -0.0071106   0.30859375 ... -0.28125     0.10253906
  0.08154297]"
jgi.p|Yarli1|64477,YALI0A00264g,489.68,496.98,447.1,431.05,408.37,366.64,246.99,285.32,251.25,ACTTTCACAATCAATTCATTTACATCAATAGACGCTTGATCTAGATCTTGAGCTTGAATAGCTTGAGCAGCAGCTCGGCGTCCTTAATCTCCTGCTTCTCCTCGCCAATGTACTCGCCCTTGTGGGCCTCGTGCTCGCCCTCCTTTCGGAGAGGTCGTCGAAGAGTCTTGGTGAGCAGATCCGAGTTGTTCTCAATGGCCTTTTCCAGATTGAGATCAGCAGAGTCCTTCACAACAGTGTACTCAATGTGGACATCGTCGGTGACCTCGAGTCCCAGGGTCTTTCGCAGTTTCTGGACTCGGTTGAGCACCTCTCGAACAGTGGCCTCGCCCTTGTACTCGTCGTAGACGTTGGTGTCGAGCAGACAGAGCACGTCCTGGTCGGAGGAGACCTCGAACCCGGCACCACAGTCGTCAATGGTTCGCGAAATGGTCAGATCGCCCTCCACCAGCTCAATGCCGTCGACAGTGCACTTGTTGGTCTTGAGGTAGTTGAAAACCTCCTCGGAAGACAGCTGGGGAAGACCCTTCTTAACTCGGGCAATGTCCTTCTTGAGCTTCTTGCCGAGAACGGGCCAGTCAGCCTGGGCCTTGTACACCACCTTGTGGGCAGCCTCGTCGTCGGTGATGACCACCTGTCGCACGTTGAGCTCCTCGACAATGTACTTTTCGAGGTCTCGCACGTGTTTGAGGTAGGCAGGGTCAGTGTGGATGATGACCAGCGACTTGAGAGGGGTCTTGAGAGGCACGTTCTTCTTGTCTCGAATGACTCGGCCCTGTTCAATGATGGACTGGACCCGCTTCACAGCAAGCTCAATGTCCTCGTCAAACAGCTCCTCTCGAACCTGGGGGTAGGGCAGGAAGTGGACCGATCGAGAATCCGCCACGGAAGAATCAAACTCAATGTAAGGCTTGATCTTCTGGTAGATGGTCTCAGACAGGAAGGGGGTGAAGGGAGCCATGGCTCGAACCAGGGTGTACTCGGCCTCAAACAGAGTGTTGAGAGCCTTGACGGCGTCCTCCTCTCCGTTGTCTCCCTTGAGACGGGATCGGTTCAGACGAATGTACCAGTTGGTGAGATCGTCAATGAGGTGGAGCAGTCGAGGAACCACGGCGTACAGCTTGTACTCCTTCATCATGGCGTGAATGTGGCCCACCAGCGACTGCAGAGACGCAAGAATCCACCGGTCCATGACATTGTCGGATTTGAGCGCAGGGTTGTACTTGAACTCGGTACCGTACAGCTTATTGACCAGAGACACCTGGCCCTCCCAGAACTTGTACGAGTTCCACCACGGCAGCAGAACCTTGGACACCACCTCTCGAACGCCCTCCTCCTGGAACTTGAGGGTGTCGGCTCGCAGAACCGGCGAGTTGATGAGATACAGCCGCAGAGCGTCGGCTCCAAACTTGTCGAGCACCTCGGTAGGGTCAGGGTAGTTTTTGAGTCGCTTTGACATCTTTTTGCCGTCGGCAGCAAGAACCAGGCCGGAGACAATCACGTTCTTGAACGGCGACACGCCAAACAAGTAGTTTCCGAGCACCGTGAGAGTGTAGAACCAGCCTCGGGTCTGGTCGATTCCCTCGGAAATGAAGTCGGCGGGGAAGCCCTTCTCCATCACCTCCTTGGACTCGGGGTCAAAGGGGTAGTGTCTGGAGGCGTAGGGCATGGAGCCGGACTCGAACCAGCAGTCAAAGACCTCCTCCACTCGTCGAAGCACGCCCTTGCCCATCTTGGAGGGGATGGTGATGTCGTCAATGTGGTGCCGGTGGATGTCGTCGATGTTCTTGACTCCAGACAGCTCCTCGAGCTCGGCCACGGATCCCACGCAAACCACCTCCTCGTAATCGTCGGAGACCCACAGGGGGATGGGGGTACCCCAGTATCGGTTTCGGGAAATGTTCCAGTCTCGGGCGTTTTTGATCCAGTTGCCAAATCGGCCATCCTTGATGTTGGAGGGCACCCAGTTGGTCTTGTCGATGTTTTCCAGCATCTGAGGGATCATCTCCTTGATTCGCACGAACCACGAAGGCACGGTTCGGTAGAGCAGAGGAGTGTCCGATCGCCAGCAGAAGGGGTACGAATGACGCACCTGGCCGTCGACCACCAGTCGGCCCATCTCCTTGATTTTCTTGATGATGGACCGGTCGGCGTCCTTGACATAGACTCCCTCCCAGTCGGAGACCGCGGGGGTGAATTTGCCGGCGTCGTCGACGGGATTGGGGGGGTACCGCTTGTCGGAAATGATGCCTGCGTCGGTAGCGGCCAGATAATCGTCCTCTCCGAACGCGGGAGACTGGTGGACGATTCCGGTACCGGAGGAGTCGGTGACGTAATCGGCACAAATGACCTGGAAGCCCGGGGTCAACTTGAGCTTTCGGGCGTCCTCCGAGTCTTCAAAGTCCGCGGCAAAGTAGGGGAACAGAGGCTGGTATCGCTTGCCCTTGAGAGAAGAGCCCTTAATGCCCTTTTCCAACACGGAAAAGTCGGCCTTCTTGGGGTTCTTGTACAGAGTGGACAGCAACGACTCCAGCAAAATGTACACGTCGCCGGTCTTGCCGTCCTTGATCTTGATGTAGTCAAAGTTGGGGTTCACGGCAAGAGCCAGGTTCGAAGGAAGAGTCCAGGGAGTGGTGGTCCAGGCCAGCAACTTGACCTCGGGCTCATCCACCAGAGGGAAGGCGACGACCACCGCGGGATCCAGCACCTCCTTGTAGTTCTGAGCAGCCTCAAAGTTGGCAATGGGCGTGCACAGAGCGGTGGAGTAGGGCATGACTCGATGGCCCCGGTAGACAGCGTCCTTCTTGTACAGCTCCTGAAACACCCACCAAACCGACTCCATGAACGACGTCTGCAGCGTCTTGTAGTCGTTGTCAAAGTCGATCCATCGACCCAGCCGACCAATCGTCTTGCGCCACTCCCCAGCATATCGCATCACAATGGCTCGACACTCCTCGTTGTAGTTGGCCAGACCAAACTTCATCACGTCTTCCTTGCCCTTGATATCCAGCTTCTTGTCAATCTCGTGTTCCACAGGAAGCCCATGCGTGTCCCAGCCAAACCGTCGCTCCACATGATGCCCAGTCATATGGGCATATCGTGGCACAATGTCCTTGATGGTCGACGCCAAAATGTGGCCATAGTGCGGAGTGCCAGTGGCAAACGGAGGCCCATCGTAGAAGGTGAAATGGGGCTTGTCAGCATTGAGCTTGAGTGACGTCTGGAAGGCATCAATCTCCTCCCAGAACTTGAGCACCGCTTCTTCCTCCTTGGAGAAATTCAT,AACCCGCAGCCTTTGGAGGACGTCGTTCAGAAGAACCGAAATCCAATGCGCTACCATTACGCCACGTCCTCAGAAAAGTTGAGTCTGAAGATGAAAAATCTGTTATATCCGGTATAGAGGATCACGTGAGTTCATTGGAATAAAAAAAAAAATTAATACAAAACCAATTATTACCGGCCATTTGAGACTGAACCGCTGGATTAATTTCATCGGAGAAGATAGCATATATATATTTCGGCTATGGCGAATACGGTGGAGTTGGTTTTATCTGTTTTTCTTGTTGTTGTTGTTGTTGTTTTATCGTCCCGTTGTTTCGGTGAGGCTCAAAGAAGAGGGGAAAGAAAAAATTGAAGGAAAAAAAAATTAAAAAAAGGAAAGGAAAAAAAAACATGATTGGTTTGGAATTTGGCTGTCTCGTTTTATTTGCTGTATATCGCATCTTGCTGTTTGGAATCCTGATACCACTTCACTACCTCCGATCTACTTGAACTCACACTTTT,"[ 0.14257812 -0.1171875  -0.11816406 ... -0.22265625  0.04931641
  0.14257812]"
jgi.p|Yarli1|64478,YALI0A00286g,244.82,272.97,249.23,168.19,185.59,158.59,161.13,191.51,173.14,ATGTCGACAACGGTGGAAAAGATCAAAAACATCGAGGAGGAGATGGCTCGGACCCAGAAGAACAAGGCGACTTCGTTCCATCTGGGTCAGCTGAAGGCCAAGTTGGCCAAGTTGAAGCGAGAGCTGTTGACGCCCACTTCCTCTGGAGGTGGTGGCGGAGGCGCTGGGTTCGATGTGGCTCGAACTGGTGTTGCTTCGGTTGGATTTATCGGGTTTCCTTCGGTTGGAAAGTCGACTTTACTGTCCAAGTTGACTGGTACTCATTCAGAGGCAGCGGCGTATGAGTTCACCACGCTGACCACTGTTCCCGGAGTGATTATGTATCGTGGTGCCAAGATCCAGATGCTGGATCTTCCTGGAATTATCGAGGGAGCCAAGGATGGTAAGGGTCGAGGTCGACAGGTGATTGCGGTGGCTCGAACGTGCAACCTGATTTTTGTGGTGCTGGATGTGAACAAGCCGCTGGAGCACAAAAAGATCATTGAGCGGGAGCTGGAGGGATTTGGTATTCGAATCAATAAGGAGCCTCCTAACATTTTGTTCAAGAAGAAGGAGCGGGGTGGAATCAACATCACCAACACGGTTCCTCTGACCCATTTGGACAATGACGAGATTCGGGCGGTGATGGGCGAGTATCGAATCAATTCTGCTGACATCCATTTCCGATGCGATGCCACTGTCGACGAGCTCATTGACATTCTCGAGGCGCAGAACCGACGCTACATTTCGGTCATTTATTGTCTCAACAAGATTGACAGCATTTCCATTGAGGAGTTGGATCTGCTTTACCGAATCCCTAACGCGGTGCCCATTTCGTCGGAGCATGGCTGGAACCTGGACGAGCTGCTGGAGGAAATGTGGAAGAAACTCAACCTCGTTCGGGTCTACACCAAGCCCAAGGGCCAGCAGCCCGACTACGAGCAGCCCATCATTCTGCGGAATGGTCGGTCGACCGTCCAGCATTTCTGTAACCAGATCCACAAGAGTCTGGTTGAGGAGTTTAAGACGGCATGTGTCTACGGTCAGTCGGTCAAGCACCAGCCCCAGTATGTTGGTTTGGCCCATGAGTTGATGGACGAGGATGTTGTCACTATTCTGAAGAGATAGTCTGGATCCTGGCAAACACTGAGCAGTCAGCACAAGAAAAGAGGAGGTGAAGATGAAGATGAGAAGGATCCGACCGGACAGACCAAAAAAGAGATTGGGATAGATCTCAAAGAGACCGGGATGGACCGAAACAGACTGGGATGGACCGGAAGAGACCGGGTCAGAGCTCCAGACATCAGGACAGAGCTCCGGACACTGACAACCCTCCATACCCGGTCTCAGCGGTGTCCTGATGGACACACAGCTAACGCTCACCAGAGTAGTGAATATATCATGATAGGATATA,CCGGGAGACATAAAAACCAGATGACTTTTTTGTTTTTGCGATACATTTTCTACAAATCACATCAACCTACACACGTGATTTAGAGATATTCATAGTACCAAACCCTAATACAGATACTTCAACTTTTAACCCCAGCCCTACAGTAGAAAGATACCCGAAACGTAGCAACCCAAGGATTTTATTATATTCACATAATACAGAAAGCTATATATGGGAGGTTGAGATTCTTTTTTCCCATAATGACATGTGTTTGATTGTGCCCGTGCCCATTCTTCAACGACATTCAGTCTTGAAGTGGAAACCCCAACCCCCCAAACCACCTAACCCTGCCCTAAACCCAACAACCCTAAACCGAGTAAACTATAATTTATTACTAGCCACGCCGGGTAACTCACGTGATCTCAAATTTTCACTTTATGGATACAGAGCAAACCTCAAAGATAAGCGATTGATTTGCACTCAACCATTCACTCCTTTACAACTGCACAAAAAAAAACAAA,"[ 0.0168457   0.01672363 -0.29101562 ... -0.02246094  0.19921875
  0.3125    ]"
jgi.p|Yarli1|64479,YALI0A00330g,32.58,27.91,35.69,36.85,31.17,37.82,24.36,20.34,20.96,GCTCATAAAAATACATAGAAATACATCCGAGTGGTGCGGCAGCTTTTCAGACAGCTGCTTGAGCTCGGCCCTCCAATAAATAATCTTTCTGAGTCGAGAGAATGCAGTCAACACGGTCGGCAAGACACGCCATTGAGAGTGGATGTTTGTAGACAAGTGACAGGTAGATAGCAACAATAGTTCAGAGGCGATGACTATTTGTAGACATATGACCGGTAGACAGCAAAGTAGTTCAGAGGCTATTGCTATTTGTAGTCATGTCAAAGCCGTTCCGATTGAATATGGTAGTTGCAGAGTCCGATCGCAGGGACCGATCGCAAGGACTGATCGCAGGGGCTGATCGTAGGGACTGATCGTAGTCACTTGCTCCAATCGCAGGTCCACGATGGAATCGCTTGCTCAATCGTTTGCTCGCTATGATAGTGGCTTGCTCCAATCGCTCGCTATGACAGTCGCTCGCTATGACAGTCGCTCGCTATGACAATCGCTCCGCTCTTGTCACCACTTCACTCGCAACTCCTCTTACTCCTCCTCTCCTCTGCCTGTCCACTGACCTTTCTGGCATGCTTCTCCACACCATTCACCCCATCTGAATTTCTCACCACCATGCTAGCCAGACAAATGTCTTCATAAGTCTGTAGGTTGTACTTGAGAGACTCGTCCAGTGCCACGGAAAACCGCTTGGACTGCACGTACTGAATGCTGCGCACCGTATCCCACCCCATGGAGTTCATCACCATGGCACAGGTGGCGGTGGCACTCCGGTCGTTGCCAGTTTCGCAGAACATGAGCGTGCCCACCCCCATCTGCGCGGCCTTTTCAAACAGCCCCATCAGCCAGTCCATCTGCGAGATGATCTGGTGTCCGGCCAGAGGCGAGTTGATGGGCCCGGGATCGAGACAATGGGTTTCGAACCGGGCCGAGTCGAACGTGGCCTTGCGGAACAGCGACTCCGCCCGCTCCGGACGCGTCACCGCCACCAAAAGACGCACATTGTTGGACTCAAAAAAGTCGGCGTTTCGCAGCACGCTCATGGGCCCCAGCCACAGGCCCGGCAGCACCATCTGAGCCTCGTGACGCTTCTCATATCGCCATTCGGTCAGAATAGACGGGTCCGACACAAAGCACGGAGGCACAATAATCCGAGGCAGCTCCAT,GTCAATATGTCATGGGATTCACTGCAATGTTCCGATTTTCTACCAGGTTTTTTTGCCAATTTTTTCCCTATAATTTTTCCAATTTTTCCAATTTTTCCAATTTTTCCATCAATTTTTTCATAATTTTTTTTTCAATTTTTTTCCAATTTTTTTCCCAAAATTTTCTCTTTCGTCAACTAAAGTCAAGTAACTGAGCGAGGCCGACTAACCAGACTCCAAAAGGGACAACAAACCAGAAATGAGACAGGTGACACAAAAGGATCTGTGGCCCATGACTAGACATATATTACAGCGACAACCCCTGGAGATTGGCAGCTGTTCAGCTCTTGGGGAACAGTAATATATATGTGTTCAGCCAAATGAACGTGAAAGATGGACGGGTTGGACGGGTTGGACGGGTTGGACGGGTTGGACGGATTGGAGATCAAGAGTTGATGGTTCTGAGAATGACGTTCCCGAGAATGTCTCAATTACTTCTACAGCCTCAGACTACGATATGT,"[-0.02026367  0.06445312  0.00805664 ...  0.00927734 -0.11083984
 -0.10351562]"
jgi.p|Yarli1|64480,YALI0A00352g,1691.33,1682.06,1425.46,1262.91,1239.39,1130.14,885.43,982.31,880.89,ATGGGTGAGTACGAGCGGCAGCGGGAAGAAGAGGGCAGCGATGACAAGCGAGTGGTCGCGACGACGACCGGCAATGGCCCGATTGATCATTGATCTGGTTTTGTGTCGGACACAAGGTGCCGGAGAAAAGGTGTCGAAGACAAGGTGAATCGACACAGTCCCGACACGACAGAGATACTTGTAGACAAGCCGACAACAGAGCAACGAGCAACAAGATGGCAATCGATTCAGCAGTGCATGAGGCGACGAAAATCTGTTGCCGTTGTATGTCAGTTGGATAATTGGTTCTACCACGTTGTCATGGTTGTGATTTGTCACGAGCACGTGTCCTTTGGCACACACGCCACCTCACCTACATCAAACACACTCGAACATAAAAACTAACCCAGTTAACTTCACTGTTGAGCAAATGCGAGAGCTGATGGACAAGGTTAGCAATGTGCGAAACATGTCCGTCATTGCCCACGTCGACCACGGAAAGTCCACCCTGACCGACTCTCTGGTCCAGAAGGCCGGTATCATTTCCGCCGCCAAGGCTGGTGAGGCTCGATTCACTGACACCCGAAAGGATGAGCAGGAGCGAGGTATCACCATTAAGTCTACCGCCATTTCTCTTTACGCCCAGATGGACGATGAGGATGTCAAGGAGATCAAGCAGAAGACCGTTGGTAACGAGTTCCTGGTCAACCTGATTGACTCCCCCGGTCACGTTGACTTCTCTTCCGAGGTCACCGCCGCCCTCCGAGTCACCGATGGTGCCCTTGTCGTTGTCGACTGTATCGAGGGTGTCTGTGTCCAGACCGAGACTGTCCTGCGACAGGCCCTTGGTGAGCGAATCAAGCCCGTTTGCGTCATCAACAAGGTTGACCGAGCTCTGCTCGAGCTGCAGATCACCAAGGAGGATCTCTACACCTCTTTCCAGCGAACCGTCGAGTCCGTTAACGTCATCATTGCCACCTACGTTGACAAGGCTCTCGGTGACTGCCAGGTCTACCCCGAGAGGGGTACCGTTGCCTTTGCCTCCGGTCTCCACGGATGGGCTTTCACTGTCCGACAGTTTGCCGTCCGATACGCCAAGAAGTTTGGTGTTGACCGAGAAAAGATGATGCAGCGACTGTGGGGTGACTCTTACTTCAACCCCAAGACCAAGAAGTGGACCAACAAGGACACCGACGCTGACGGAAAGCCTCTTGACCGAGCTTTCAACATGTTCGTCCTCGACCCCATCTTCCGAATCTTCTCTGCCATCATGAACTTCAAGAAGGACGAGATCCCCGCCCTCCTCGAGAAGCTTGAGATCAACCTCAAGACCGACGAGAAGGAGCTCGAGGGTAAGGCTCTCCTCAAGGTCGTTATGCGAAAGTTCCTGCCCGCCGCTGACGCTCTCCTTGAGATGATTGTCATCCACCTCCCCTCCCCCATCACTGCTCAGAACTACCGAGCTGACACCCTCTACGAGGGCCCCATCGACGATCCTTTCGGACAGGGTATCAAGAACTGTGACCCCAACGCCGACCTCATGCTGTACGTCTCCAAGATGGTCCCCACCTCCGATAAGGGTCGATTCTACGCTTTCGGTCGTGTCTTCGCTGGTACTGTCAAGTCCGGCCAGAAGGTCCGAATCCAGGGTCCCGACTACATCCCCGGCCAGAAGAAGGATCTTTTCGTTAAGGCTATCCAGCGATGTGTTCTTATGATGGGACGATTCGTCGAGCCCATTGAGGATGTCCCCGCCGGTAACATTGTCGGTCTGGTCGGTGTTGACCAGTTCCTGCTCAAGTCCGGAACCCTCACCACCAACGAGGCTGCCCACAACCTTAAGGTTATGAAGTTCTCCGTCTCCCCCGTCGTGCAGGTCGCCGTCGAGGTCAAGAACGCCAACGATCTGCCCAAGCTCGTTGAGGGTCTTAAGCGACTCTCCAAGTCCGACCCTTGTGTCCTGACTTACATCTCCGAGTCCGGTGAGCACATTGTCGCCTGCACTGGTGAGCTCCATCTCGAGATTTGTCTGCTCGATCTCGAGCAGGACCACGCCGGTGTCCCTCTTAAGAAGTCTCCTCCCGTTGTTTCTTACCGAGAGACCGTCTCCGCCGAGTCTTCCATGACCGCCCTCTCCAAGTCCCCCAACAAGCATAACCGACTTTACGTTGTTGCTGTCCCTCTTGACGAGGAGGTCTCTCTGGCCATTGAGTCCGGCAAGATCTCTCCCCGAGACGATTTCAAGGCTCGAGCCCGTGTCCTTGCTGACGACTACGGTTGGGATGTCACCGAGGCCCGAAAGATCTGGTGCTTCGGTCCCGACGGTACCGGTGCCAACGTTGTTGTTGACACCACCAAGGCCGTCCAGTACCTTGCTGAGATCAAGGACTCCGTTGTTGCCGGTTTCAACTGGGCTACCAAGGAGGGTCCTATCTTCAACGAGAACATGCGATCCGTCCGAGTCAACATCATGGATGTCACCCTGCACGCCGATGCTATCCATCGAGGTACCGGTCAGATCATGCCTACCATGCGATCCGTCACTTACGCCGCCATGCTGCTTGCCGAGCCCCGAATCCAGGAGCCCGTCTTCCTTGTCGAGATCCAGTGTCCCGAGAACGCCGTCGGTGGTATCTACTCCGTCCTTAACAAGAAGCGAGGACAGGTTGTCTCTGAGGAGCAGCGACCCGGTACCCCCCTGTTCACCATCAAGGCTTACCTGCCTGTTAACGAGTCTTTCGGTTTCACTGGTGAGCTCCGACAGGCTACCGGTGGCCAGGCCTTCCCCCAGATGGTTTTCGACCATTGGGAGGCTATGAGCGGCTCTCCTCTCGACCCCTCCTCCAAGCCCGGAGCTATTGTCTGCGAGACCCGAAAGCGACGAGGTATGAAGGAGAACGTTCCCGGTTACGAGGAGTACTACGACAAGCTCTAAGCATGTTGGTATGTTTGCGAGTCTAGAAAATAATTGTAAAAAATCACTTTTGAAGAGATATCAGATTGTAGTGTTGAAATTCAGTAGAATAAGTAAATTTGTCGAGCCAGAGTTGGATTGACAATTCCATTCCTTTTGCAGGCGTGGTTCGCAATGCGTCACTCAGCCTGGGATGAATCATACCTCAACTGATATCATAAGTGCGAGATGTTTTTGATTTCCTCTTCTCTGGTTGCACCATATGACTTCATTCGAGATGGACTGTCGAACCTACCCAGTGCATTATGGCCTGTCTAGTGTGTGTCTAATGTATGCCGTGATGAGAATGTAAGCAGTAAATTAGAGAAGTTAGCCAGTTTGTGGATGTTTGGGGGTACGTTGCGT,CATGATCTTCAGACACACGGTGGGTGCAATCATCTCTCGCTGATTTTCTGTCTTTTTTGTCTTTTTTTGTCCTTCTTTGTCTTATGGCGATTTTTCAGGGCCCAGGCTAATCCCACCAATCTTAACCAATATTCTCTGCCTTTGGTCATGTCCACACAGTGTCCGAATTGTCCTACTCGTAGTCCTACCGATCGTTTATTCCACCAAGAAATTAGCGGTTTTTTGCATACTATTTTTTCTTGCTACTTTTTTATTACTATTTTTTAGCTATTTTTTAGCTATTTGTTTTTATTTTGCTATTTTTTTTTCAGACTTTGCGTGCAATTAGCTTTGGGTAACTGACAAAGGAGGTGGAAAATTTTTGTCGGTGACGTGCAGCCAGATGGGAGTTACCCTACCCTGGTGCCGCTGGCTTATGTTAAAATTTTGCACCTTACAGTCTCCTTTTTTTCTCTTCTCTTTTTCTCTTCATCCTTCAGTGGAACTAAAAGAACTTCAAA,"[-0.03686523 -0.09814453 -0.359375   ... -0.06689453  0.13769531
  0.11523438]"
